rhoc,R,M,Lambda,I,Mb
2.240000000000000000e+14,2.000000000000101963e+01,1.234996341289377048e-01,6.800533759908832610e+07,6.039470392988695313e-02,1.230420854128594227e-01
2.333015075376884375e+14,2.000000000000101963e+01,1.316421379919729684e-01,4.609703453857512772e+07,6.344279822432064009e-02,1.312419948481572118e-01
2.426030150753769062e+14,2.000000000000101963e+01,1.404196303744621455e-01,3.165906326648312062e+07,6.719218510576954739e-02,1.400939274253192313e-01
2.519045226130653438e+14,2.000000000000101963e+01,1.497755658466681794e-01,2.210892441675469279e+07,7.159189110759250907e-02,1.495433568056947216e-01
2.612060301507538125e+14,1.956000220000096945e+01,1.597419795198189996e-01,1.568920585722692311e+07,7.663342311178654442e-02,1.596252216506177102e-01
2.705075376884422500e+14,1.832000840000083031e+01,1.704054349558694337e-01,1.126979425401948765e+07,8.234761675128848823e-02,1.704302009875973412e-01
2.798090452261306875e+14,1.733001335000072274e+01,1.817138636059197343e-01,8.189678554018188268e+06,8.870514542097476807e-02,1.819089206109893164e-01
2.891105527638191250e+14,1.651001745000062826e+01,1.936476901282860597e-01,6.010799638674790040e+06,9.569872421939634721e-02,1.940449199535317082e-01
2.984120603015076250e+14,1.584002080000055557e+01,2.061748068363309372e-01,4.453506958897168748e+06,1.033180215586282785e-01,2.068089426297170519e-01
3.077135678391960625e+14,1.529002355000049285e+01,2.192996852120182305e-01,3.327324991202852689e+06,1.115766293140749016e-01,2.202090345729443566e-01
3.170150753768845000e+14,1.482002590000044151e+01,2.328960824061887258e-01,2.510937214350904804e+06,1.204051530149484739e-01,2.341194841664239468e-01
3.263165829145730000e+14,1.443002785000039800e+01,2.470392182356286048e-01,1.908900923109354451e+06,1.298601064609949396e-01,2.486204776405619155e-01
3.356180904522613750e+14,1.410002950000036037e+01,2.616516834402420888e-01,1.463444832023230381e+06,1.399035721342609673e-01,2.636358820723082030e-01
3.449195979899498750e+14,1.382003090000032941e+01,2.767321960115110557e-01,1.130245564459364396e+06,1.505425487275999230e-01,2.791675098047735615e-01
3.542211055276383125e+14,1.357003215000030139e+01,2.923025572619120105e-01,8.787562878525471315e+05,1.618071689959980075e-01,2.952411163609938716e-01
3.635226130653267500e+14,1.336003320000027728e+01,3.083870918205098288e-01,6.870959134864518419e+05,1.737266381892938194e-01,3.118855087923518288e-01
3.728241206030152500e+14,1.318003410000025788e+01,3.249756981543317491e-01,5.401721929086504970e+05,1.863092082250151771e-01,3.290940628440074400e-01
3.821256281407036250e+14,1.302003490000024044e+01,3.419821299493145950e-01,4.273273206151204649e+05,1.995022425927789333e-01,3.467808985040523595e-01
3.914271356783921250e+14,1.288003560000022496e+01,3.593822885740753370e-01,3.401472913631643169e+05,2.132979205008012913e-01,3.649241676150999369e-01
4.007286432160805625e+14,1.276003620000021144e+01,3.771416312682581706e-01,2.723812747147217742e+05,2.276744872332606695e-01,3.834910601665567631e-01
4.100301507537690000e+14,1.266003670000019987e+01,3.952320271440939448e-01,2.194231914052017964e+05,2.426180176829052515e-01,4.024549909384146362e-01
4.193316582914575000e+14,1.257003715000018929e+01,4.136372480540685403e-01,1.777610716823143302e+05,2.581198379169041268e-01,4.218017856848371161e-01
4.286331658291459375e+14,1.249003755000017968e+01,4.323457021279684120e-01,1.447559683411846636e+05,2.741738394812539004e-01,4.415220306679635276e-01
4.379346733668343750e+14,1.242003790000017283e+01,4.513551658565752023e-01,1.184721847172495618e+05,2.907843151957656413e-01,4.616161967167645708e-01
4.472361809045228125e+14,1.236003820000016518e+01,4.706365656378504458e-01,9.742990776682968135e+04,3.079287674437631295e-01,4.820563294260137854e-01
4.565376884422112500e+14,1.230003850000015930e+01,4.901650337679774871e-01,8.050539896686174325e+04,3.255902449001032428e-01,5.028186647452106417e-01
4.658391959798997500e+14,1.226003870000015539e+01,5.099053067618553037e-01,6.683398073898644361e+04,3.437354560401046366e-01,5.238681077539499853e-01
4.751407035175881875e+14,1.221003895000014872e+01,5.298948435999581985e-01,5.570773694222145423e+04,3.624026694295846562e-01,5.452470563324878228e-01
4.844422110552766250e+14,1.218003910000014578e+01,5.501349759750226998e-01,4.661163243927698932e+04,3.815973872903750119e-01,5.669595626216270556e-01
4.937437185929651250e+14,1.215003925000014284e+01,5.705121982355383370e-01,3.916969802447301481e+04,4.012058374486877632e-01,5.888862866888153746e-01
5.030452261306535000e+14,1.212003940000013991e+01,5.909964440963545451e-01,3.306106000647202018e+04,4.212034289430716671e-01,6.109960990839087280e-01
5.123467336683420000e+14,1.209003955000013519e+01,6.115838620434032036e-01,2.801744633980579238e+04,4.415748362496605406e-01,6.332867818646524816e-01
5.216482412060304375e+14,1.207003965000013324e+01,6.322427832753007015e-01,2.383907532250357326e+04,4.622866744971005359e-01,6.557250591968118991e-01
5.309497487437188750e+14,1.205003975000013128e+01,6.530608038009522165e-01,2.034739178906851521e+04,4.834323032232451522e-01,6.784076811365005177e-01
5.402512562814073125e+14,1.203003985000012932e+01,6.740366484204889375e-01,1.741741090581107710e+04,5.050003681138712786e-01,7.013355681762085680e-01
5.495527638190958125e+14,1.202003990000012834e+01,6.950197280597104621e-01,1.496593380665617042e+04,5.268341242182200679e-01,7.243454136537427202e-01
5.588542713567842500e+14,1.200004000000012638e+01,7.159822949051284358e-01,1.290868611674863860e+04,5.489007738458816510e-01,7.474073045657344538e-01
5.681557788944727500e+14,1.199004005000012540e+01,7.368979835815406831e-01,1.117238395108677832e+04,5.711511915844702525e-01,7.704929842262955297e-01
5.774572864321611250e+14,1.198004010000012265e+01,7.580503221986841789e-01,9.687322710780263151e+03,5.939087689005110304e-01,7.939157777762682056e-01
5.867587939698496250e+14,1.197004015000012167e+01,7.791089844562480993e-01,8.429225396880057815e+03,6.167936755961518358e-01,8.173124210195141792e-01
5.960603015075380000e+14,1.196004020000012069e+01,8.000302927023548172e-01,7.361691505439639513e+03,6.397491078532686615e-01,8.406336817156064845e-01
6.053618090452265000e+14,1.195004025000011971e+01,8.209973745111667220e-01,6.443402908896755434e+03,6.629751423942972233e-01,8.640834476395674590e-01
6.146633165829150000e+14,1.194004030000011873e+01,8.419922937402638530e-01,5.652298126827676242e+03,6.864437623105732467e-01,8.876429322568724078e-01
6.239648241206033750e+14,1.193004035000011775e+01,8.627984806822048824e-01,4.976696438197166572e+03,7.099132102697106594e-01,9.110686348119066968e-01
6.332663316582918750e+14,1.193004035000011775e+01,8.835409205330283511e-01,4.392197928732370201e+03,7.334962845085624128e-01,9.345015862299077547e-01
6.425678391959802500e+14,1.192004040000011678e+01,9.043335903047400315e-01,3.882909194215201751e+03,7.573331283314984619e-01,9.580702835348897661e-01
6.518693467336687500e+14,1.191004045000011580e+01,9.248572573774728189e-01,3.444576403420602674e+03,7.810411404663876178e-01,9.814126776039888700e-01
6.611708542713572500e+14,1.191004045000011580e+01,9.453513462836521386e-01,3.061648955546364050e+03,8.048866120890991738e-01,1.004800661122763561e+00
6.704723618090456250e+14,1.190004050000011482e+01,9.657391941593419515e-01,2.727034061562201714e+03,8.287684512216085819e-01,1.028146626476419856e+00
6.797738693467341250e+14,1.190004050000011482e+01,9.859324775140423380e-01,2.435740049483280927e+03,8.525950924950042031e-01,1.051347709526991858e+00
6.890753768844225000e+14,1.189004055000011384e+01,1.005996647935307076e+00,2.179940268355567241e+03,8.764135428358400537e-01,1.074478601820924695e+00
6.983768844221110000e+14,1.188004060000011286e+01,1.026023099115690007e+00,1.954206732366361393e+03,9.003261459304638947e-01,1.097645629836139003e+00
7.076783919597995000e+14,1.188004060000011286e+01,1.045788643726339950e+00,1.756514872266066050e+03,9.240757405977365613e-01,1.120587595081617760e+00
7.169798994974880000e+14,1.187004065000011188e+01,1.065350337455970076e+00,1.581986451393707284e+03,9.476911145513186030e-01,1.143370881774722569e+00
7.262814070351763750e+14,1.187004065000011188e+01,1.084911631263892673e+00,1.426703024800265212e+03,9.714485767828796581e-01,1.166230895656708677e+00
7.355829145728647500e+14,1.186004070000011090e+01,1.104147798188230833e+00,1.289910925404045429e+03,9.949121224518796547e-01,1.188787895119407301e+00
7.448844221105532500e+14,1.185004075000010815e+01,1.123215480679214062e+00,1.168420436914698939e+03,1.018277051996889560e+00,1.211223226461754399e+00
7.541859296482417500e+14,1.185004075000010815e+01,1.142206294907324393e+00,1.059531371932596812e+03,1.041643197967129453e+00,1.233643856141610096e+00
7.634874371859302500e+14,1.184004080000010717e+01,1.160790815363000439e+00,9.637452793937774231e+02,1.064623682663801363e+00,1.255657968850722117e+00
7.727889447236186250e+14,1.183004085000010619e+01,1.179424520718192371e+00,8.768586114638560502e+02,1.087726992673573312e+00,1.277807506314823538e+00
7.820904522613070000e+14,1.183004085000010619e+01,1.197665242623890958e+00,7.998799017638708619e+02,1.110430859036124707e+00,1.299561798899835141e+00
7.913919597989955000e+14,1.182004090000010521e+01,1.215775934833023708e+00,7.305621388788191553e+02,1.133032101503979483e+00,1.321235285787648150e+00
8.006934673366840000e+14,1.181004095000010423e+01,1.233668131465994522e+00,6.684258302716136768e+02,1.155444094015638523e+00,1.342717846335854448e+00
8.099949748743723750e+14,1.181004095000010423e+01,1.251277662331512719e+00,6.127124480278877172e+02,1.177553672085954739e+00,1.363932452826385200e+00
8.192964824120608750e+14,1.180004100000010325e+01,1.268775864932321973e+00,5.621565739109008746e+02,1.199570429799804439e+00,1.385083659794184241e+00
8.285979899497493750e+14,1.179004105000010227e+01,1.285883150110975093e+00,5.169973937387136402e+02,1.221144270968323786e+00,1.405831846389798523e+00
8.378994974874377500e+14,1.178004110000010130e+01,1.302959233878097978e+00,4.756936242135935800e+02,1.242729755944847581e+00,1.426609769678667927e+00
8.472010050251262500e+14,1.177004115000010032e+01,1.319618403184387168e+00,4.386833904632349004e+02,1.263806488650581761e+00,1.446949044232456183e+00
8.565025125628146250e+14,1.176004120000009934e+01,1.336233164313015642e+00,4.048142588295721112e+02,1.284874215845364542e+00,1.467299582407269876e+00
8.658040201005031250e+14,1.176004120000009934e+01,1.352483081807239085e+00,3.742004486739325557e+02,1.305476337373134399e+00,1.487270332963168462e+00
8.751055276381916250e+14,1.175004125000009836e+01,1.368542653095699446e+00,3.463428128641074863e+02,1.325866677072501831e+00,1.507071770564573976e+00
8.844070351758800000e+14,1.174004130000009738e+01,1.384389169863818436e+00,3.209375061793246573e+02,1.346000539972822985e+00,1.526673636913423282e+00
8.937085427135685000e+14,1.173004135000009640e+01,1.399927170283013389e+00,2.979102717929381470e+02,1.365763267197978470e+00,1.545955164831779527e+00
9.030100502512568750e+14,1.172004140000009365e+01,1.415334348538869413e+00,2.766936504502554044e+02,1.385331461435191258e+00,1.565138978662318214e+00
9.123115577889453750e+14,1.171004145000009267e+01,1.430340988750670395e+00,2.575077914506883303e+02,1.404401345225706477e+00,1.583882960257596562e+00
9.216130653266338750e+14,1.170004150000009169e+01,1.445367585600341398e+00,2.396786309617153847e+02,1.423507316825769919e+00,1.602709568611107027e+00
9.309145728643222500e+14,1.169004155000009071e+01,1.459894483071661142e+00,2.235624896512418900e+02,1.441929030769152797e+00,1.620973424168409505e+00
9.402160804020107500e+14,1.168004160000008973e+01,1.474381190951354448e+00,2.086030928328304981e+02,1.460302638657670293e+00,1.639242086699149947e+00
9.495175879396992500e+14,1.166004170000008777e+01,1.488499532708677631e+00,1.949602359139628334e+02,1.478187924759918337e+00,1.657102332880114437e+00
9.588190954773876250e+14,1.165004175000008679e+01,1.502435979276364630e+00,1.823613982393168556e+02,1.495804370866724353e+00,1.674789577497287185e+00
9.681206030150761250e+14,1.164004180000008581e+01,1.516149564174468445e+00,1.707688392362936725e+02,1.513135734754859518e+00,1.692245814217851141e+00
9.774221105527645000e+14,1.163004185000008484e+01,1.529537671189799219e+00,1.601414665808426889e+02,1.529997050545563342e+00,1.709344220649877455e+00
9.867236180904530000e+14,1.162004190000008386e+01,1.542845293690502162e+00,1.502116915116677944e+02,1.546739206148968426e+00,1.726390387139379978e+00
9.960251256281415000e+14,1.161004195000008288e+01,1.555687734504356490e+00,1.412021146498329927e+02,1.562852259918817044e+00,1.742890850153191895e+00
1.005326633165829875e+15,1.159004205000007914e+01,1.568545229718964373e+00,1.326821451510526231e+02,1.578906564226549403e+00,1.759464303228884363e+00
1.014628140703518375e+15,1.158004210000007816e+01,1.580999003861530916e+00,1.249402363055459659e+02,1.594462025877128486e+00,1.775563283664989722e+00
1.023929648241206750e+15,1.157004215000007719e+01,1.593371180942990017e+00,1.176494471999332774e+02,1.609832821670124980e+00,1.791607313249406142e+00
1.033231155778895250e+15,1.156004220000007621e+01,1.605379930459071680e+00,1.109579334474769468e+02,1.624692955305572895e+00,1.807227260796009594e+00
1.042532663316583750e+15,1.154004230000007425e+01,1.617249268210265489e+00,1.047053805682283496e+02,1.639332161210501848e+00,1.822710564903101238e+00
1.051834170854272125e+15,1.153004235000007327e+01,1.628880215443600177e+00,9.889874964326327245e+01,1.653644553802181560e+00,1.837924977042622476e+00
1.061135678391960625e+15,1.152004240000007229e+01,1.640225822866859806e+00,9.352292305556548513e+01,1.667491192158644386e+00,1.852815076531013849e+00
1.070437185929649000e+15,1.150004250000007033e+01,1.651460188459563661e+00,8.846346653406763494e+01,1.681183259884925008e+00,1.867597989396101887e+00
1.079738693467337500e+15,1.149004255000006935e+01,1.662310089223286491e+00,8.381597674880585203e+01,1.694305067279358257e+00,1.881919305629771832e+00
1.089040201005026000e+15,1.148004260000006838e+01,1.673141852803988749e+00,7.940214571562835033e+01,1.707358916410943728e+00,1.896254571979166803e+00
1.098341708542714375e+15,1.146004270000006464e+01,1.683582990491599762e+00,7.534597812236704328e+01,1.719850296055995154e+00,1.910115585060112142e+00
1.107643216080402875e+15,1.145004275000006366e+01,1.693973535276934506e+00,7.149469989020867899e+01,1.732209853011128287e+00,1.923947461032481376e+00
1.116944723618091250e+15,1.143004285000006170e+01,1.704034327380318903e+00,6.793580162390463784e+01,1.744109085411494897e+00,1.937376950592676561e+00
1.126246231155779750e+15,1.142004290000006073e+01,1.713968456877408064e+00,6.457479007986685815e+01,1.755764903544393185e+00,1.950677400251630500e+00
1.135547738693468250e+15,1.141004295000005975e+01,1.723656473458269112e+00,6.144349363235211570e+01,1.767067009841720049e+00,1.963681476823840644e+00
1.144849246231156500e+15,1.139004305000005779e+01,1.733134055244586191e+00,5.850156174533528031e+01,1.778018137921134167e+00,1.976440885973592021e+00
1.154150753768845000e+15,1.138004310000005681e+01,1.742453024730050926e+00,5.573157394804992748e+01,1.788710992683368861e+00,1.989019510071565966e+00
1.163452261306533500e+15,1.136004320000005485e+01,1.751497361794849716e+00,5.315040375706310272e+01,1.799006333895166954e+00,2.001260705705819376e+00
1.172753768844222000e+15,1.135004325000005387e+01,1.760511648648634964e+00,5.068439478950681121e+01,1.809193425814954903e+00,2.013490310341907286e+00
1.182055276381910500e+15,1.133004335000005014e+01,1.769181267470065100e+00,4.839360595708371449e+01,1.818857440895081501e+00,2.025291776356071605e+00
1.191356783919599000e+15,1.132004340000004916e+01,1.777645623765005567e+00,4.624754936494073831e+01,1.828232397426785782e+00,2.036839975963214311e+00
1.200658291457287500e+15,1.130004350000004720e+01,1.786068978194987666e+00,4.419341114980399254e+01,1.837468267795357768e+00,2.048361780434668322e+00
1.209959798994976000e+15,1.129004355000004622e+01,1.794184580905475279e+00,4.228385355216610009e+01,1.846267649253514387e+00,2.059490043245226776e+00
1.219261306532664250e+15,1.127004365000004427e+01,1.802099475255328542e+00,4.048250285024578687e+01,1.854743889833840642e+00,2.070376771429342622e+00
1.228562814070352750e+15,1.126004370000004329e+01,1.809964338766783420e+00,3.875768037050232806e+01,1.863072907940942047e+00,2.081219529751883179e+00
1.237864321608041000e+15,1.124004380000004133e+01,1.817552325636741184e+00,3.714817641643760027e+01,1.871021024432653501e+00,2.091706012400566639e+00
1.247165829145729500e+15,1.123004385000004035e+01,1.824937177615672645e+00,3.563429344368005758e+01,1.878658151212249550e+00,2.101937195052578922e+00
1.256467336683418000e+15,1.121004395000003662e+01,1.832264033493090638e+00,3.417662756682726410e+01,1.886111780681443362e+00,2.112115451271895150e+00
1.265768844221106500e+15,1.119004405000003466e+01,1.839326373629871503e+00,3.281630093369177104e+01,1.893194522423143900e+00,2.121952504201164658e+00
1.275070351758795000e+15,1.118004410000003368e+01,1.846216826171937386e+00,3.152831194425535344e+01,1.900005547118730931e+00,2.131571402300540097e+00
1.284371859296483500e+15,1.116004420000003172e+01,1.853064316128942624e+00,3.029279861080188141e+01,1.906715530979316675e+00,2.141148052129725698e+00
1.293673366834172000e+15,1.115004425000003074e+01,1.859632372268038125e+00,2.913173604525088223e+01,1.912996238950092076e+00,2.150361772393676763e+00
1.302974874371860500e+15,1.113004435000002879e+01,1.866057113666199863e+00,2.803245464638104067e+01,1.919049509509709317e+00,2.159397076074509148e+00
1.312276381909548750e+15,1.112004440000002781e+01,1.872403480666403830e+00,2.697792430459574575e+01,1.924927481619339131e+00,2.168340503677362641e+00
1.321577889447237250e+15,1.110004450000002585e+01,1.878510980058735180e+00,2.598815036210207907e+01,1.930466437961134929e+00,2.176968961079347231e+00
1.330879396984925750e+15,1.108004460000002211e+01,1.884451153252905131e+00,2.504651745497237414e+01,1.935721186117812298e+00,2.185383280424489261e+00
1.340180904522614000e+15,1.107004465000002114e+01,1.890336319994560865e+00,2.414254517330498118e+01,1.940849949131973506e+00,2.193733787119636514e+00
1.349482412060302500e+15,1.105004475000001918e+01,1.896005340630060099e+00,2.328903945039984791e+01,1.945681669660957791e+00,2.201797640456942595e+00
1.358783919597991000e+15,1.104004480000001820e+01,1.901524846959691928e+00,2.247671147603967512e+01,1.950242034317303030e+00,2.209669194578421259e+00
1.368085427135679500e+15,1.102004490000001624e+01,1.906970438788513578e+00,2.169721324938574369e+01,1.954660811469262738e+00,2.217449031156025985e+00
1.377386934673368000e+15,1.101004495000001526e+01,1.912211215347283444e+00,2.096227648432893176e+01,1.958799925825421839e+00,2.224953407377309844e+00
1.386688442211056500e+15,1.099004505000001330e+01,1.917326085568275440e+00,2.025931205304997818e+01,1.962712617552175187e+00,2.232294980849927502e+00
1.395989949748744750e+15,1.097004515000001135e+01,1.922352310404183307e+00,1.958429516317452368e+01,1.966452893416176240e+00,2.239519352002104835e+00
1.405291457286433250e+15,1.096004520000001037e+01,1.927194050475824927e+00,1.894457364177197789e+01,1.969940045250985206e+00,2.246501427022814301e+00
1.414592964824121750e+15,1.094004530000000663e+01,1.931906085008443963e+00,1.833397228092907483e+01,1.973203888971008624e+00,2.253309246153710532e+00
1.423894472361810250e+15,1.093004535000000566e+01,1.936542515456357583e+00,1.774428933581149082e+01,1.976309172367403111e+00,2.260019374277761450e+00
1.433195979899498750e+15,1.091004545000000370e+01,1.940982961316556343e+00,1.718892102592625903e+01,1.979136912968270767e+00,2.266463953031747192e+00
1.442497487437187000e+15,1.089004555000000174e+01,1.945340530994883688e+00,1.665581236633697415e+01,1.981832747352158641e+00,2.272796614312555974e+00
1.451798994974875500e+15,1.088004560000000076e+01,1.949600662870984102e+00,1.614204080219471749e+01,1.984340677383733542e+00,2.279000555538298389e+00
1.461100502512564000e+15,1.086004569999999880e+01,1.953684605466729396e+00,1.565586077974939982e+01,1.986607380556365543e+00,2.284956485981690211e+00
1.470402010050252500e+15,1.085004574999999782e+01,1.957678298859776511e+00,1.518679986943533500e+01,1.988698532965081922e+00,2.290804799809473824e+00
1.479703517587941000e+15,1.083004584999999409e+01,1.961590928801718370e+00,1.473693849089530872e+01,1.990659855317792992e+00,2.296535433645510604e+00
1.489005025125629250e+15,1.081004594999999213e+01,1.965340636719753675e+00,1.430820546463871068e+01,1.992394694974094049e+00,2.302040506893783700e+00
1.498306532663317750e+15,1.080004599999999115e+01,1.968997007056970672e+00,1.389734015414769885e+01,1.993969095992639939e+00,2.307419481318409460e+00
1.507608040201006250e+15,1.078004609999998920e+01,1.972551078660179202e+00,1.349876907031603324e+01,1.995331869317796825e+00,2.312662121958026340e+00
1.516909547738694750e+15,1.077004614999998822e+01,1.975985495401088476e+00,1.312290022364195252e+01,1.996583580895664234e+00,2.317731010542436909e+00
1.526211055276383250e+15,1.075004624999998626e+01,1.979321296675697894e+00,1.275802696659618540e+01,1.997630706565467262e+00,2.322668467379030766e+00
1.535512562814071500e+15,1.074004629999998528e+01,1.982584030997491364e+00,1.240783812459449820e+01,1.998575506957439796e+00,2.327501220300354667e+00
1.544814070351760000e+15,1.072004639999998332e+01,1.985692103331236025e+00,1.207537730786165042e+01,1.999296264117555344e+00,2.332116277542669369e+00
1.554115577889448500e+15,1.070004649999997959e+01,1.988737722919096784e+00,1.175207350205632295e+01,1.999898136507621160e+00,2.336650899679090454e+00
1.563417085427137000e+15,1.069004654999997861e+01,1.991689150635743921e+00,1.144029696181058142e+01,2.000338165809074198e+00,2.341050973377297062e+00
1.572718592964825500e+15,1.067004664999997665e+01,1.994528703985003926e+00,1.114488152299738033e+01,2.000667249361625544e+00,2.345286527364504714e+00
1.582020100502513750e+15,1.066004669999997567e+01,1.997271147365834443e+00,1.085757445510169283e+01,2.000791289024900443e+00,2.349392850821996337e+00
1.591321608040202250e+15,1.064004679999997371e+01,1.999945076141067091e+00,1.058110206863724478e+01,2.000814261007993533e+00,2.353397598576392191e+00
1.600623115577890750e+15,1.063004684999997274e+01,2.002498885406837736e+00,1.031692785505755161e+01,2.000687442017384576e+00,2.357233380851412541e+00
1.609924623115579250e+15,1.061004694999997078e+01,2.004995401612703620e+00,1.006071447427082788e+01,2.000453269646583543e+00,2.360984901186654827e+00
1.619226130653267750e+15,1.059004704999996882e+01,2.007380762105398286e+00,9.813708075259855335e+00,2.000011222563073954e+00,2.364584203556644670e+00
1.628527638190956250e+15,1.058004709999996784e+01,2.009701132405274482e+00,9.578221130930192118e+00,1.999565440061909172e+00,2.368075648510965081e+00
1.637829145728644500e+15,1.056004719999996411e+01,2.011943830157361113e+00,9.348969481106763624e+00,1.998948164579709585e+00,2.371463678754566651e+00
1.647130653266333000e+15,1.055004724999996313e+01,2.014082677183318459e+00,9.127910014911098102e+00,1.998145086553959171e+00,2.374707875658584655e+00
1.656432160804021500e+15,1.053004734999996117e+01,2.016142515551187842e+00,8.916444757225924889e+00,1.997286878647064778e+00,2.377829777341367024e+00
1.665733668341710000e+15,1.052004739999996019e+01,2.018142203478245023e+00,8.710504972116277500e+00,1.996310680000560112e+00,2.380865043837953721e+00
1.675035175879398500e+15,1.050004749999995823e+01,2.020064172435450445e+00,8.511455155736511458e+00,1.995210617884206172e+00,2.383787732939515625e+00
1.684336683417086750e+15,1.049004754999995725e+01,2.021889943533142997e+00,8.321882588336986686e+00,1.994004258514121108e+00,2.386569953833697522e+00
1.693638190954775250e+15,1.047004764999995530e+01,2.023668662806423324e+00,8.136479437182778440e+00,1.992703036442395215e+00,2.389281077650998064e+00
1.702939698492463750e+15,1.046004769999995609e+01,2.025365314252502547e+00,7.958145731729975303e+00,1.991277603759218806e+00,2.391874645468916594e+00
1.712241206030152250e+15,1.044004779999995591e+01,2.026973896071238901e+00,7.786839967854111144e+00,1.989757919123120944e+00,2.394337262398383182e+00
1.721542713567840750e+15,1.043004784999995671e+01,2.028541767425626308e+00,7.619353861131807015e+00,1.988155334811078534e+00,2.396737593857760196e+00
1.730844221105529000e+15,1.041004794999995653e+01,2.030026704282633432e+00,7.457965671862604395e+00,1.986422097758073990e+00,2.399018226971519230e+00
1.740145728643217500e+15,1.040004799999995555e+01,2.031443681349573982e+00,7.303295917951970750e+00,1.984648731268476851e+00,2.401193927142158291e+00
1.749447236180906000e+15,1.038004809999995715e+01,2.032798298689130867e+00,7.151852596343349688e+00,1.982731959888164308e+00,2.403281340365999164e+00
1.758748743718594500e+15,1.037004814999995617e+01,2.034090709506208405e+00,7.005958556312636532e+00,1.980741733395970483e+00,2.405273816958519717e+00
1.768050251256283000e+15,1.035004824999995598e+01,2.035316130149019465e+00,6.865858064962555574e+00,1.978699196872850896e+00,2.407163610420058220e+00
1.777351758793971250e+15,1.034004829999995678e+01,2.036481792573565208e+00,6.728203347911586363e+00,1.976514787102811033e+00,2.408968738869197601e+00
1.786653266331659750e+15,1.032004839999995660e+01,2.037597642707812629e+00,6.595493185757216992e+00,1.974293987734671685e+00,2.410693434189963735e+00
1.795954773869348250e+15,1.031004844999995740e+01,2.038636237932851536e+00,6.468155826533003250e+00,1.971987789787685408e+00,2.412304808679455181e+00
1.805256281407036750e+15,1.029004854999995722e+01,2.039638274152347996e+00,6.343773974071589272e+00,1.969605128877143896e+00,2.413857285257941854e+00
1.814557788944725250e+15,1.028004859999995624e+01,2.040562190489588978e+00,6.222463363364960642e+00,1.967100199595544385e+00,2.415298607974202483e+00
1.823859296482413500e+15,1.026004869999995606e+01,2.041426113702940359e+00,6.107178729559047170e+00,1.964559886660963262e+00,2.416646240321181249e+00
1.833160804020102000e+15,1.025004874999995685e+01,2.042275464619482950e+00,5.992926693488166201e+00,1.961971138648552770e+00,2.417964702315954728e+00
1.842462311557790500e+15,1.024004879999995765e+01,2.043057238705724643e+00,5.882642226432357013e+00,1.959288010329414131e+00,2.419182112590889222e+00
1.851763819095479000e+15,1.022004889999995747e+01,2.043783847038738610e+00,5.775934057401375554e+00,1.956565696342529526e+00,2.420314403364348443e+00
1.861065326633167500e+15,1.021004894999995649e+01,2.044431744023885056e+00,5.673447390279841684e+00,1.953743428418014849e+00,2.421334813158500854e+00
1.870366834170855750e+15,1.019004904999995809e+01,2.045044253841484139e+00,5.573671344411779138e+00,1.950876367371501274e+00,2.422296445253562247e+00
1.879668341708544250e+15,1.018004909999995711e+01,2.045635619394628790e+00,5.475518119591553656e+00,1.947952628430617672e+00,2.423219068929755693e+00
1.888969849246232750e+15,1.017004914999995790e+01,2.046170781151801954e+00,5.380787486872383063e+00,1.944987751291162414e+00,2.424054954975570109e+00
1.898271356783921250e+15,1.015004924999995772e+01,2.046639470296541141e+00,5.289158158859583736e+00,1.941943630656890685e+00,2.424794427134338459e+00
1.907572864321609750e+15,1.014004929999995674e+01,2.047064321145728449e+00,5.201213645072886749e+00,1.938889249276958937e+00,2.425464063505971879e+00
1.916874371859298000e+15,1.012004939999995834e+01,2.047456095354202699e+00,5.113826931200054382e+00,1.935714159732553563e+00,2.426079459510436021e+00
1.926175879396986500e+15,1.011004944999995736e+01,2.047786340609892175e+00,5.029075432749412045e+00,1.932456406941737814e+00,2.426607729688437409e+00
1.935477386934675000e+15,1.010004949999995816e+01,2.048087671625498096e+00,4.947519903430034560e+00,1.929215627113527010e+00,2.427082638827000149e+00
1.944778894472363500e+15,1.008004959999995798e+01,2.048358674836280091e+00,4.868546691800402115e+00,1.925988387608175811e+00,2.427505201583467276e+00
1.954080402010052000e+15,1.007004964999995700e+01,2.048570685627157495e+00,4.791550971610320175e+00,1.922643023204809731e+00,2.427843245903320124e+00
1.963381909547740250e+15,1.005004974999995859e+01,2.048763362480624739e+00,4.715416885885892917e+00,1.919256727947154850e+00,2.428143188689198428e+00
1.972683417085428750e+15,1.004004979999995761e+01,2.048897299708246855e+00,4.642249131510228999e+00,1.915807938374441743e+00,2.428357378913472253e+00
1.981984924623117250e+15,1.003004984999995841e+01,2.048993773234487392e+00,4.571330885618296591e+00,1.912350380167911590e+00,2.428512413414632309e+00
1.991286432160805750e+15,1.001004994999995823e+01,2.049063869901655455e+00,4.502999847144432799e+00,1.908908930934593462e+00,2.428620588839839112e+00
2.000587939698494250e+15,1.000004999999995725e+01,2.049085756768306510e+00,4.434536893807085711e+00,1.905309470010247530e+00,2.428656219606602384e+00
2.009889447236182500e+15,9.990050049999958048e+00,2.049071361207751352e+00,4.368672185316592405e+00,1.901693962010744254e+00,2.428637138816700514e+00
2.019190954773871000e+15,9.970050149999957867e+00,2.049031075536660751e+00,4.304678393939330050e+00,1.898092225584142589e+00,2.428570910373238689e+00
2.028492462311559500e+15,9.960050199999958664e+00,2.048967022752710587e+00,4.243146093463007418e+00,1.894514177578870306e+00,2.428462196545275287e+00
2.037793969849248000e+15,9.950050249999957686e+00,2.048839916013881268e+00,4.182520233761195527e+00,1.890786587322236256e+00,2.428266284254453122e+00
2.047095477386936500e+15,9.930050349999959280e+00,2.048690483168644771e+00,4.122783656719035683e+00,1.887027237674418823e+00,2.428028508878000036e+00
2.056396984924625000e+15,9.920050399999958302e+00,2.048520517528315210e+00,4.065374379560135587e+00,1.883295048244118863e+00,2.427752533882772124e+00
2.065698492462313250e+15,9.910050449999959099e+00,2.048313396835738764e+00,4.009390148924500963e+00,1.879540252509651621e+00,2.427421312381696783e+00
2.075000000000001750e+15,9.900050499999958120e+00,2.048081122049139058e+00,3.955478757198279016e+00,1.875795293005363185e+00,2.427045782212530867e+00
