rhoc,M,R,Lambda,I,Mb
2.240000000000000000e+14,1.227144338365170895e-01,2.000000000000101963e+01,1.113375604030441195e+08,6.122117252706853890e-02,1.225792621370371538e-01
2.313829145728643125e+14,1.270957362988991146e-01,2.000000000000101963e+01,8.864375131436455250e+07,6.270337023454539138e-02,1.270046562471470186e-01
2.387658291457286562e+14,1.352594158323009721e-01,2.000000000000101963e+01,6.006865091688907892e+07,6.580577448767292725e-02,1.352599996529178505e-01
2.461487437185929688e+14,1.444139343334281123e-01,2.000000000000101963e+01,4.077757801089815795e+07,6.978482096089884401e-02,1.445307537104460471e-01
2.535316582914572812e+14,1.537818133055141034e-01,1.995000025000101473e+01,2.869384999446368217e+07,7.429406143753475300e-02,1.540318081162732056e-01
2.609145728643216250e+14,1.632084941620638163e-01,1.872000640000087657e+01,2.090260019291289896e+07,7.917803262601703918e-02,1.636069180118364108e-01
2.682974874371859375e+14,1.725832517034268654e-01,1.778001110000077034e+01,1.569851859296214581e+07,8.430835962040075793e-02,1.731436201289309751e-01
2.756804020100502500e+14,1.818309502873657335e-01,1.704001480000068725e+01,1.210341070913475379e+07,8.958954422664787420e-02,1.825651060339937848e-01
2.830633165829145625e+14,1.909005036626014451e-01,1.645001775000062239e+01,9.546039793312501162e+06,9.494915205892989762e-02,1.918186733490250817e-01
2.904462311557788750e+14,1.997537459352214106e-01,1.596002020000056909e+01,7.678159314541596919e+06,1.003260800453292245e-01,2.008647546708162979e-01
2.978291457286432500e+14,2.083702899403562236e-01,1.556002220000052283e+01,6.282491382960481569e+06,1.056798993518590912e-01,2.096814838904808576e-01
3.052120603015075000e+14,2.227992653518913180e-01,1.501002495000046189e+01,4.588381793381924741e+06,1.149054668439662003e-01,2.244731043771824308e-01
3.125949748743718750e+14,2.382470670984974670e-01,1.455002725000041153e+01,3.366817952604806982e+06,1.251842365864597462e-01,2.403455246170208282e-01
3.199778894472361875e+14,2.536618433325715238e-01,1.418002910000036998e+01,2.530792402525417507e+06,1.358448594874485660e-01,2.562208285465231161e-01
3.273608040201005000e+14,2.689210446507970254e-01,1.389003055000033626e+01,1.945098048990115756e+06,1.467699315192493859e-01,2.719719447132695755e-01
3.347437185929648125e+14,2.839417140817169782e-01,1.365003175000031099e+01,1.525221382812210824e+06,1.578608499073732852e-01,2.875117970306603765e-01
3.421266331658291250e+14,2.986661523156677323e-01,1.346003270000028884e+01,1.217676016754486132e+06,1.690343624024947533e-01,3.027790006076536145e-01
3.495095477386935000e+14,3.130537603226328791e-01,1.330003350000027140e+01,9.879120255387015641e+05,1.802199303842010047e-01,3.177294368046082451e-01
3.568924623115577500e+14,3.270766274471599289e-01,1.316003420000025592e+01,8.130200139614604414e+05,1.913563928406485648e-01,3.323320342770405000e-01
3.642753768844221250e+14,3.407236525803244986e-01,1.305003475000024338e+01,6.777891801000921987e+05,2.024030104417570974e-01,3.465729826588052620e-01
3.716582914572864375e+14,3.624911738845852938e-01,1.290003550000022692e+01,5.142455563204676146e+05,2.204457503360106319e-01,3.693483216731098251e-01
3.790412060301507500e+14,3.853554224884774837e-01,1.277003615000021242e+01,3.915154807155274902e+05,2.400162858981376157e-01,3.933495493794011977e-01
3.864241206030150625e+14,4.079619776799401354e-01,1.267003665000020085e+01,3.036889892995228874e+05,2.599920266213134878e-01,4.171584488669320412e-01
3.938070351758793750e+14,4.302008605595673552e-01,1.259003705000019124e+01,2.396967104084098537e+05,2.802326280099913802e-01,4.406560534345739799e-01
4.011899497487437500e+14,4.519954829138066454e-01,1.253003735000018537e+01,1.922336120583933371e+05,3.006134058134787845e-01,4.637575847562079856e-01
4.085728643216080000e+14,4.732960785410553761e-01,1.248003760000017870e+01,1.564183643689642195e+05,3.210310751448040012e-01,4.864060339177751491e-01
4.159557788944723750e+14,4.940606327366478534e-01,1.244003780000017478e+01,1.289661362211477535e+05,3.413836268578142596e-01,5.085522399322941478e-01
4.233386934673366875e+14,5.142763463266754043e-01,1.241003795000017185e+01,1.076113471017711709e+05,3.616055829776796404e-01,5.301778422164353799e-01
4.307216080402010000e+14,5.339286705693285784e-01,1.238003810000016891e+01,9.077315944603925163e+04,3.816280394389476305e-01,5.512626911142047836e-01
4.381045226130653125e+14,5.600551175145720428e-01,1.235003825000016420e+01,7.298891010961998836e+04,4.087915161113622187e-01,5.793882240434378161e-01
4.454874371859296250e+14,5.865798321283758332e-01,1.233003835000016224e+01,5.901788682814854837e+04,4.370284236174808989e-01,6.080511434906221702e-01
4.528703517587940000e+14,6.124989205053797958e-01,1.232003840000016126e+01,4.833849792503433127e+04,4.652636251073300477e-01,6.361648375097245234e-01
4.602532663316582500e+14,6.377643126547390962e-01,1.231003845000016028e+01,4.006495559814517037e+04,4.933792373061094416e-01,6.636701265664588512e-01
4.676361809045226250e+14,6.623510931391032308e-01,1.231003845000016028e+01,3.357585085150647501e+04,5.212851747520547141e-01,6.905324388984077633e-01
4.750190954773869375e+14,6.862447478204655171e-01,1.230003850000015930e+01,2.842233340130736178e+04,5.488976117341094474e-01,7.167290927509815113e-01
4.824020100502512500e+14,7.094379350991877331e-01,1.230003850000015930e+01,2.428361328980400867e+04,5.761454032944054449e-01,7.422449446598092804e-01
4.897849246231155625e+14,7.319339472916849276e-01,1.230003850000015930e+01,2.092604187751144855e+04,6.029740995962271644e-01,7.670768427520400223e-01
4.971678391959798750e+14,7.537417815018524481e-01,1.231003845000016028e+01,1.817258161463151191e+04,6.293394927192237365e-01,7.912282676095994116e-01
5.045507537688442500e+14,7.827512527253823738e-01,1.231003845000016028e+01,1.513435336349965655e+04,6.649515736904239027e-01,8.234768011234879781e-01
5.119336683417085000e+14,8.120046792840175387e-01,1.232003840000016126e+01,1.265160042933411933e+04,7.015254088831092139e-01,8.561351255875812027e-01
5.193165829145728750e+14,8.404621391635844763e-01,1.232003840000016126e+01,1.067819776003665174e+04,7.377441636192686447e-01,8.880388570782500324e-01
5.266994974874371875e+14,8.681025442300185357e-01,1.233003835000016224e+01,9.094265129651934330e+03,7.735171122686521628e-01,9.191539512297201009e-01
5.340824120603015000e+14,8.949199636053484230e-01,1.234003830000016322e+01,7.810726571725199392e+03,8.087700492253824258e-01,9.494640908586643446e-01
5.414653266331658125e+14,9.209182306009791041e-01,1.235003825000016420e+01,6.761054335588277354e+03,8.434445166186644860e-01,9.789639150065628792e-01
5.488482412060301250e+14,9.461016730846959488e-01,1.236003820000016518e+01,5.895073476329687765e+03,8.774798615085135367e-01,1.007648967462383194e+00
5.562311557788944375e+14,9.704817840553550123e-01,1.237003815000016793e+01,5.174850902967812544e+03,9.108313756453172427e-01,1.035523648549432352e+00
5.636140703517587500e+14,9.940782468171545094e-01,1.238003810000016891e+01,4.571035032753901760e+03,9.434714284741611001e-01,1.062601855193078704e+00
5.709969849246231250e+14,1.024935708471440554e+00,1.239003805000016989e+01,3.897616354156120906e+03,9.866848404225071478e-01,1.098161884984097725e+00
5.783798994974875000e+14,1.055811840176428484e+00,1.240003800000017087e+01,3.333979441863114516e+03,1.030569364640369745e+00,1.133911520119482041e+00
5.857628140703517500e+14,1.085731717466264401e+00,1.241003795000017185e+01,2.874097161458872961e+03,1.073714592783506339e+00,1.168715964242129424e+00
5.931457286432160000e+14,1.114703483026088460e+00,1.242003790000017283e+01,2.495922547395060519e+03,1.116074140381102531e+00,1.202570460301296773e+00
6.005286432160803750e+14,1.142728158839031671e+00,1.243003785000017380e+01,2.182469232456845020e+03,1.157576265970089002e+00,1.235464088274231376e+00
6.079115577889447500e+14,1.169828176374501982e+00,1.245003775000017576e+01,1.920681485616524014e+03,1.198189910788884260e+00,1.267410663440881047e+00
6.152944723618090000e+14,1.196008534694434688e+00,1.245003775000017576e+01,1.700386475906661417e+03,1.237850698550199580e+00,1.298404944796368143e+00
6.226773869346733750e+14,1.221310080108379603e+00,1.246003770000017674e+01,1.513849373349263487e+03,1.276574852853082476e+00,1.328483178438790047e+00
6.300603015075377500e+14,1.245738473601740059e+00,1.247003765000017772e+01,1.354851767598840297e+03,1.314299241644588889e+00,1.357642779441240455e+00
6.374432160804020000e+14,1.276600436384775383e+00,1.248003760000017870e+01,1.179562630322905079e+03,1.362435404551495921e+00,1.394650986423785488e+00
6.448261306532662500e+14,1.307212218743282195e+00,1.249003755000017968e+01,1.030099745271029406e+03,1.410760645501545785e+00,1.431543636208719716e+00
6.522090452261306250e+14,1.336741025395220328e+00,1.250003750000018243e+01,9.053550605331354291e+02,1.457900628944182708e+00,1.467308800499171006e+00
6.595919597989950000e+14,1.365223332569348358e+00,1.251003745000018341e+01,8.004906837749651913e+02,1.503863815950197358e+00,1.501973149411177433e+00
6.669748743718592500e+14,1.392698433491096788e+00,1.252003740000018439e+01,7.118128223171822810e+02,1.548662512025161364e+00,1.535568322907369998e+00
6.743577889447236250e+14,1.419176708826241029e+00,1.252003740000018439e+01,6.363243259024197869e+02,1.592235346582564270e+00,1.568094021616621703e+00
6.817407035175880000e+14,1.444692143357566572e+00,1.253003735000018537e+01,5.716302505821336126e+02,1.634577748527520136e+00,1.599578649569235012e+00
6.891236180904522500e+14,1.469284639982435525e+00,1.253003735000018537e+01,5.159641029814383728e+02,1.675716661148300979e+00,1.630057617828716943e+00
6.965065326633165000e+14,1.492972159390772546e+00,1.254003730000018635e+01,4.677530468722974319e+02,1.715612030069179506e+00,1.659542839688282978e+00
7.038894472361808750e+14,1.520990142082016439e+00,1.254003730000018635e+01,4.168057705937606556e+02,1.763148069095408887e+00,1.694580698618832093e+00
7.112723618090452500e+14,1.548473553881992482e+00,1.255003725000018733e+01,3.725066436557024758e+02,1.810165096451930022e+00,1.729121878703632431e+00
7.186552763819095000e+14,1.574896779049037576e+00,1.255003725000018733e+01,3.345809017271930088e+02,1.855712565907509104e+00,1.762493437628707582e+00
7.260381909547738750e+14,1.600311747741165247e+00,1.255003725000018733e+01,3.019241743506046305e+02,1.899850410752133012e+00,1.794743241402322331e+00
7.334211055276382500e+14,1.624756242922923644e+00,1.256003720000018831e+01,2.736507054041662741e+02,1.942591517667185963e+00,1.825904637196985147e+00
7.408040201005025000e+14,1.648253849177997665e+00,1.256003720000018831e+01,2.490536618416739714e+02,1.983916696115697320e+00,1.855994846163482093e+00
7.481869346733667500e+14,1.670840023484443604e+00,1.256003720000018831e+01,2.275476611767164172e+02,2.023843612001475556e+00,1.885046647946065246e+00
7.555698492462311250e+14,1.692569489107449199e+00,1.256003720000018831e+01,2.086702504224758741e+02,2.062450093513890970e+00,1.913116321089686211e+00
7.629527638190955000e+14,1.713465030370862285e+00,1.256003720000018831e+01,1.920012405406637299e+02,2.099724982116846661e+00,1.940224176884769447e+00
7.703356783919597500e+14,1.737359526789787445e+00,1.256003720000018831e+01,1.745925369592710297e+02,2.142518901612980198e+00,1.971362086578402062e+00
7.777185929648241250e+14,1.760648117841406624e+00,1.256003720000018831e+01,1.591660181341212592e+02,2.184418448165712956e+00,2.001853633456964321e+00
7.851015075376885000e+14,1.782994072064618907e+00,1.255003725000018733e+01,1.456461088201294274e+02,2.224789590557131547e+00,2.031246031459450929e+00
7.924844221105527500e+14,1.804434221257203763e+00,1.255003725000018733e+01,1.337558630024223021e+02,2.263657301326686966e+00,2.059573335506908354e+00
7.998673366834170000e+14,1.825019227941059974e+00,1.255003725000018733e+01,1.232510128893031833e+02,2.301103115194995219e+00,2.086888920481204224e+00
8.072502512562813750e+14,1.844777840310906081e+00,1.254003730000018635e+01,1.139344016302824940e+02,2.337135503164902595e+00,2.113220030148186268e+00
8.146331658291457500e+14,1.863744853483816799e+00,1.254003730000018635e+01,1.056414342244833193e+02,2.371793354212451188e+00,2.138600983556214530e+00
8.220160804020100000e+14,1.881971250912380489e+00,1.254003730000018635e+01,9.822695576343812718e+01,2.405166770279904664e+00,2.163089598921206669e+00
8.293989949748743750e+14,1.899461349261620358e+00,1.253003735000018537e+01,9.158326910412628763e+01,2.437204796197756984e+00,2.186684371661032689e+00
8.367819095477386250e+14,1.919153473915349739e+00,1.253003735000018537e+01,8.461590170107433551e+01,2.473307767614577823e+00,2.213362185113545433e+00
8.441648241206030000e+14,1.938278340955713608e+00,1.252003740000018439e+01,7.833606820005957161e+01,2.508412199215232619e+00,2.239383344077690463e+00
8.515477386934672500e+14,1.956595798056579349e+00,1.251003745000018341e+01,7.273607375832924049e+01,2.542043550229670323e+00,2.264414062368048430e+00
8.589306532663316250e+14,1.974158316508922928e+00,1.250003750000018243e+01,6.772670327107465482e+01,2.574305908288783584e+00,2.288511685604562196e+00
8.663135678391960000e+14,1.991001378416412004e+00,1.250003750000018243e+01,6.322735198749433039e+01,2.605246635413136502e+00,2.311714374321907073e+00
8.736964824120602500e+14,2.007143498425142170e+00,1.249003755000017968e+01,5.917565959443534496e+01,2.634868737364702174e+00,2.334041583737088033e+00
8.810793969849246250e+14,2.022631026927453224e+00,1.248003760000017870e+01,5.551061931872897759e+01,2.663260636766698664e+00,2.355544522367956972e+00
8.884623115577888750e+14,2.037476213873673725e+00,1.247003765000017772e+01,5.219328976422674771e+01,2.690415041268922725e+00,2.376236453588960629e+00
8.958452261306532500e+14,2.051739481155914202e+00,1.246003770000017674e+01,4.918050377282759200e+01,2.716481157028817428e+00,2.396188547650510703e+00
9.032281407035175000e+14,2.067302415581675046e+00,1.245003775000017576e+01,4.605811144395562451e+01,2.744806881410312815e+00,2.418046772033650704e+00
9.106110552763818750e+14,2.082358280426420016e+00,1.244003780000017478e+01,4.321396016928429873e+01,2.772153471277437387e+00,2.439273953706396991e+00
9.179939698492462500e+14,2.096768878358354016e+00,1.243003785000017380e+01,4.063534445995734501e+01,2.798238550113658185e+00,2.459669861533314794e+00
9.253768844221105000e+14,2.110570223994150396e+00,1.242003790000017283e+01,3.829466551306998667e+01,2.823135798379844630e+00,2.479276363008868334e+00
9.327597989949748750e+14,2.123789642921668719e+00,1.241003795000017185e+01,3.615936179934038819e+01,2.846886891207263126e+00,2.498122989491850188e+00
9.401427135678391250e+14,2.136451396226236810e+00,1.240003800000017087e+01,3.421230126963249774e+01,2.869527770074058015e+00,2.516240361520023505e+00
9.475256281407035000e+14,2.148585097218865148e+00,1.239003805000016989e+01,3.242765471881097028e+01,2.891114179710030818e+00,2.533662609571868618e+00
9.549085427135677500e+14,2.160205452935975323e+00,1.238003810000016891e+01,3.079198089706775221e+01,2.911654902727868865e+00,2.550406707266032136e+00
9.622914572864321250e+14,2.171373292137778410e+00,1.237003815000016793e+01,2.928556507417182786e+01,2.931323081117783058e+00,2.566546954811947057e+00
9.696743718592965000e+14,2.183327792924808275e+00,1.236003820000016518e+01,2.773803956012017835e+01,2.952194151671349687e+00,2.583888783952009049e+00
9.770572864321607500e+14,2.194854639501062188e+00,1.234003830000016322e+01,2.630849414077498594e+01,2.972176031703205101e+00,2.600667930912899273e+00
9.844402010050251250e+14,2.205881857292724124e+00,1.233003835000016224e+01,2.499582211316871394e+01,2.991143556869694020e+00,2.616773547700283142e+00
9.918231155778893750e+14,2.216418903370263926e+00,1.232003840000016126e+01,2.378916168983989365e+01,3.009091300974441996e+00,2.632217009238750904e+00
9.992060301507537500e+14,2.226516048498639933e+00,1.231003845000016028e+01,2.267602131529011444e+01,3.026159820008945456e+00,2.647059499395190141e+00
1.006588944723618000e+15,2.236170731790580124e+00,1.229003855000015832e+01,2.164808767179009408e+01,3.042306876650814118e+00,2.661299280138237133e+00
1.013971859296482375e+15,2.245425558376715536e+00,1.228003860000015734e+01,2.069581589308372926e+01,3.057644581729635824e+00,2.674988367478515983e+00
1.021354773869346750e+15,2.254281991064286839e+00,1.227003865000015637e+01,1.981341451383953256e+01,3.072150994619902598e+00,2.688130048842265918e+00
1.028737688442211000e+15,2.262759675354382605e+00,1.225003875000015441e+01,1.899312421198614942e+01,3.085864175547284649e+00,2.700748080147643115e+00
1.036120603015075375e+15,2.271761649114234505e+00,1.224003880000015343e+01,1.815023716562886591e+01,3.100253232347320864e+00,2.714185488574447636e+00
1.043503517587939625e+15,2.280415804807057079e+00,1.223003885000015067e+01,1.736251656336095550e+01,3.113889653529564150e+00,2.727142961360039308e+00
1.050886432160804000e+15,2.288684235647667986e+00,1.221003895000014872e+01,1.663309467203335856e+01,3.126724925057931426e+00,2.739559807985107120e+00
1.058269346733668250e+15,2.296577652013842563e+00,1.220003900000014774e+01,1.595437318696018991e+01,3.138772778439333777e+00,2.751449649135008446e+00
1.065652261306532625e+15,2.304125612920999711e+00,1.218003910000014578e+01,1.532256519289063768e+01,3.150110257988108842e+00,2.762850985227614409e+00
1.073035175879397000e+15,2.311337143654578430e+00,1.217003915000014480e+01,1.473363964753130162e+01,3.160742925818627924e+00,2.773773692071976882e+00
1.080418090452261250e+15,2.318226555953036172e+00,1.215003925000014284e+01,1.418363142893524298e+01,3.170702193467999308e+00,2.784239505752198252e+00
1.087801005025125625e+15,2.324831015806267054e+00,1.214003930000014186e+01,1.366893857428921422e+01,3.180091200371331528e+00,2.794293278705231476e+00
1.095183919597989875e+15,2.331136162237811504e+00,1.213003935000014089e+01,1.318699696866928583e+01,3.188845594242009529e+00,2.803920959248002998e+00
1.102566834170854250e+15,2.337769472088506717e+00,1.211003945000013715e+01,1.268935364924289821e+01,3.197826295162128130e+00,2.814077335231446764e+00
1.109949748743718500e+15,2.344139486646301673e+00,1.210003950000013617e+01,1.222176941266953420e+01,3.206248467968369376e+00,2.823852277441270875e+00
1.117332663316582875e+15,2.350212063470017210e+00,1.208003960000013421e+01,1.178504150514351423e+01,3.214059243234075769e+00,2.833196575023654518e+00
1.124715577889447250e+15,2.355994277759332789e+00,1.207003965000013324e+01,1.137546025681282380e+01,3.221251945188615018e+00,2.842119751525800098e+00
1.132098492462311500e+15,2.361517963529831565e+00,1.205003975000013128e+01,1.099038123314682380e+01,3.227927291867489057e+00,2.850660290075879288e+00
1.139481407035176000e+15,2.366773033012078198e+00,1.204003980000013030e+01,1.062906142066771764e+01,3.234032649755367750e+00,2.858810618276248938e+00
1.146864321608040000e+15,2.371787153882313426e+00,1.202003990000012834e+01,1.028895881823639158e+01,3.239647565686604835e+00,2.866605304334706172e+00
1.154247236180904500e+15,2.376586793931422914e+00,1.201003995000012736e+01,9.968958512500217140e+00,3.244852123740795680e+00,2.874077503481159646e+00
1.161630150753768750e+15,2.381155654620663586e+00,1.199004005000012540e+01,9.666967509614996956e+00,3.249569040288535327e+00,2.881210061325964578e+00
1.169013065326633000e+15,2.385908986661274600e+00,1.198004010000012265e+01,9.355360031643698449e+00,3.254213983495739093e+00,2.888652858405274415e+00
1.176395979899497500e+15,2.390460595121526310e+00,1.196004020000012069e+01,9.060781503940901871e+00,3.258444713260671755e+00,2.895790193679439017e+00
1.183778894472361750e+15,2.394776906169984620e+00,1.195004025000011971e+01,8.782653485116870939e+00,3.262186055709108690e+00,2.902578131438220410e+00
1.191161809045226000e+15,2.398888774623437303e+00,1.193004035000011775e+01,8.521401731533917001e+00,3.265535877490896244e+00,2.909055953323662624e+00
1.198544723618090500e+15,2.402789302176000952e+00,1.192004040000011678e+01,8.273732150676325503e+00,3.268446904999502856e+00,2.915215592481669393e+00
1.205927638190954750e+15,2.406493831443022202e+00,1.190004050000011482e+01,8.039763257381132178e+00,3.270971289810091776e+00,2.921080558096495583e+00
1.213310552763819000e+15,2.410013107671287624e+00,1.189004055000011384e+01,7.818250470580847988e+00,3.273126581022053116e+00,2.926662055333080215e+00
1.220693467336683500e+15,2.413366479146850985e+00,1.187004065000011188e+01,7.608343636576504920e+00,3.274976615699602522e+00,2.931988252467895961e+00
1.228076381909547750e+15,2.416543371039384880e+00,1.186004070000011090e+01,7.409370862867640462e+00,3.276469713732111710e+00,2.937047658895141300e+00
1.235459296482412000e+15,2.419795053843999177e+00,1.184004080000010717e+01,7.205462583963820222e+00,3.277728271590481413e+00,2.942236328477488616e+00
1.242842211055276500e+15,2.422878537624351569e+00,1.183004085000010619e+01,7.011611170515257285e+00,3.278640663992284932e+00,2.947167963997984419e+00
1.250225125628140500e+15,2.425805140504570190e+00,1.181004095000010423e+01,6.828065012285996715e+00,3.279275750915171983e+00,2.951853801253574439e+00
1.257608040201005000e+15,2.428564932510537844e+00,1.179004105000010227e+01,6.653655484903230999e+00,3.279580232043522336e+00,2.956282496284363237e+00
1.264990954773869250e+15,2.431168018392620311e+00,1.178004110000010130e+01,6.488750352509246255e+00,3.279586280583524971e+00,2.960469661511708317e+00
1.272373869346733500e+15,2.433616166809555725e+00,1.176004120000009934e+01,6.330727079982723104e+00,3.279281561414893353e+00,2.964418563099497916e+00
1.279756783919598000e+15,2.435945688822543698e+00,1.175004125000009836e+01,6.181451866152615437e+00,3.278796021441378716e+00,2.968174862891017174e+00
1.287139698492462250e+15,2.438141858290706843e+00,1.174004130000009738e+01,6.038265729604195720e+00,3.278064170747874595e+00,2.971721608466935116e+00
1.294522613065326500e+15,2.440189190808689901e+00,1.172004140000009365e+01,5.902225424535648024e+00,3.277018177087498874e+00,2.975044072375411908e+00
1.301905527638191000e+15,2.442270124854361679e+00,1.171004145000009267e+01,5.763503284528011861e+00,3.275736268238803373e+00,2.978419095428287644e+00
1.309288442211055250e+15,2.444214390499467981e+00,1.169004155000009071e+01,5.630823352841977325e+00,3.274171645694591515e+00,2.981580868093919090e+00
1.316671356783919500e+15,2.446039368682398685e+00,1.168004160000008973e+01,5.504456890352122045e+00,3.272409998409499199e+00,2.984554436048732384e+00
1.324054271356784000e+15,2.447738813254849433e+00,1.166004170000008777e+01,5.384173871975012737e+00,3.270417365112727293e+00,2.987327320223218230e+00
1.331437185929648250e+15,2.449329818703558814e+00,1.165004175000008679e+01,5.269047101992734738e+00,3.268245414543248906e+00,2.989926086432452834e+00
1.338820100502512500e+15,2.450809889761457860e+00,1.163004185000008484e+01,5.159183508686772335e+00,3.265878654004322090e+00,2.992348049937401555e+00
1.346203015075377000e+15,2.452191581916366214e+00,1.162004190000008386e+01,5.054078718771035206e+00,3.263355882918797413e+00,2.994610691239636413e+00
1.353585929648241250e+15,2.453465245893196034e+00,1.160004200000008190e+01,4.953826817802261751e+00,3.260637119307392862e+00,2.996704920944145645e+00
1.360968844221105500e+15,2.454651899242621393e+00,1.159004205000007914e+01,4.857645212361495268e+00,3.257786931017006893e+00,2.998655107266322339e+00
1.368351758793969750e+15,2.455799288564485927e+00,1.157004215000007719e+01,4.760219952557481093e+00,3.254586414107610182e+00,3.000548173372145744e+00
1.375734673366834000e+15,2.456859290895006875e+00,1.156004220000007621e+01,4.667216509962830884e+00,3.251251524134189719e+00,3.002297053984110953e+00
1.383117587939698500e+15,2.457824559732855629e+00,1.154004230000007425e+01,4.577831161478298938e+00,3.247757498138718280e+00,3.003894435742550773e+00
1.390500502512562750e+15,2.458701678160902127e+00,1.153004235000007327e+01,4.492096991357347413e+00,3.244121772176221885e+00,3.005345559279894552e+00
1.397883417085427000e+15,2.459500058327217076e+00,1.152004240000007229e+01,4.409990045160032679e+00,3.240378560603812463e+00,3.006667668088544243e+00
1.405266331658291500e+15,2.460215718083547998e+00,1.150004250000007033e+01,4.331688615329983172e+00,3.236508067351858031e+00,3.007856344823329753e+00
1.412649246231155750e+15,2.460849198321599651e+00,1.149004255000006935e+01,4.256215080566840392e+00,3.232500423431836190e+00,3.008912711100724557e+00
1.420032160804020000e+15,2.461425128815449614e+00,1.147004265000006562e+01,4.183848933143535120e+00,3.228440641764373176e+00,3.009866235841032189e+00
1.427415075376884250e+15,2.461916290825211906e+00,1.146004270000006464e+01,4.114062140066247153e+00,3.224228047649937423e+00,3.010690330488130062e+00
1.434797989949748750e+15,2.462358145640101359e+00,1.145004275000006366e+01,4.044506277466403787e+00,3.219753674939636490e+00,3.011432348317378604e+00
1.442180904522613000e+15,2.462746915816611093e+00,1.143004285000006170e+01,3.977651228699652819e+00,3.215235714021243751e+00,3.012077254254597936e+00
1.449563819095477250e+15,2.463046804449488203e+00,1.142004290000006073e+01,3.913303395037790899e+00,3.210549614257749873e+00,3.012588612266647647e+00
1.456946733668341750e+15,2.463291611879370624e+00,1.140004300000005877e+01,3.851384994393039385e+00,3.205808798814739902e+00,3.013003486967583466e+00
1.464329648241206000e+15,2.463493643626148089e+00,1.139004305000005779e+01,3.791775902549983090e+00,3.201049840406860358e+00,3.013334709391032984e+00
1.471712562814070250e+15,2.463604528197079979e+00,1.138004310000005681e+01,3.734442808305538541e+00,3.196100827840210545e+00,3.013535007473151506e+00
1.479095477386934500e+15,2.463693863212217838e+00,1.136004320000005485e+01,3.679332963951357449e+00,3.191205508536233637e+00,3.013678003987407372e+00
1.486478391959799000e+15,2.463714117505795276e+00,1.135004325000005387e+01,3.625920822547574307e+00,3.186188511441824023e+00,3.013716400494929282e+00
1.493861306532663250e+15,2.463678786229627438e+00,1.134004330000005112e+01,3.574765899070631026e+00,3.181096278389453857e+00,3.013664003189245655e+00
1.501244221105527500e+15,2.463599281179611022e+00,1.133004335000005014e+01,3.523658944089940626e+00,3.175809687249582236e+00,3.013533022428452224e+00
1.508627135678392000e+15,2.463463747681782667e+00,1.131004345000004818e+01,3.474442665586695789e+00,3.170443102617623410e+00,3.013310902190043272e+00
1.516010050251256250e+15,2.463288689540157783e+00,1.130004350000004720e+01,3.427056274931873592e+00,3.165055493530701813e+00,3.013017245549169942e+00
1.523392964824120500e+15,2.463062030575101868e+00,1.129004355000004622e+01,3.381067334345397413e+00,3.159599263905577438e+00,3.012641153876282285e+00
1.530775879396984750e+15,2.462796041028441518e+00,1.127004365000004427e+01,3.336840474903501885e+00,3.154112358630663415e+00,3.012194608286386632e+00
1.538158793969849250e+15,2.462491654512283468e+00,1.126004370000004329e+01,3.294037576545343349e+00,3.148596262748499353e+00,3.011680927641696925e+00
1.545541708542713500e+15,2.462143489212876180e+00,1.125004375000004231e+01,3.252769890687996046e+00,3.143032850872045092e+00,3.011096720358948708e+00
1.552924623115577750e+15,2.461764517970760124e+00,1.124004380000004133e+01,3.212701867774378606e+00,3.137459665367011930e+00,3.010454373940038231e+00
1.560307537688442250e+15,2.461335921596944143e+00,1.123004385000004035e+01,3.174162217038843714e+00,3.131810447767811478e+00,3.009737425229658925e+00
1.567690452261306500e+15,2.460869459483155275e+00,1.121004395000003662e+01,3.135535970182397492e+00,3.125992052795414811e+00,3.008946989281532147e+00
1.575073366834170750e+15,2.460360784721818295e+00,1.120004400000003564e+01,3.098316102497304048e+00,3.120123890625107865e+00,3.008090370081529574e+00
1.582456281407035000e+15,2.459821151485176660e+00,1.119004405000003466e+01,3.062230284190867735e+00,3.114242110180367007e+00,3.007176499135813419e+00
1.589839195979899500e+15,2.459245385871688505e+00,1.118004410000003368e+01,3.027254589473882262e+00,3.108325076205636250e+00,3.006204509428765270e+00
1.597222110552763750e+15,2.458640375471210948e+00,1.117004415000003270e+01,2.993562784759601136e+00,3.102397563477240716e+00,3.005178974848346840e+00
1.604605025125628000e+15,2.458013691480618768e+00,1.115004425000003074e+01,2.960709189258316165e+00,3.096481403965564372e+00,3.004113879458111036e+00
1.611987939698492500e+15,2.457348439067220447e+00,1.114004430000002976e+01,2.929057944643975731e+00,3.090516339221308417e+00,3.002986398377147204e+00
1.619370854271356750e+15,2.456660653726774335e+00,1.113004435000002879e+01,2.898210999406900967e+00,3.084553983219979756e+00,3.001819259622683145e+00
1.626753768844221000e+15,2.455952482627555167e+00,1.112004440000002781e+01,2.868381322418893209e+00,3.078602396149623832e+00,3.000612313826733324e+00
1.634136683417085250e+15,2.455176642018582100e+00,1.111004445000002683e+01,2.838288478244364477e+00,3.072347783913335295e+00,2.999297314749391763e+00
1.641519597989949750e+15,2.454384962965360462e+00,1.110004450000002585e+01,2.809045618901108377e+00,3.066119357627687947e+00,2.997945385979240651e+00
1.648902512562814000e+15,2.453570579710925514e+00,1.108004460000002211e+01,2.780774235204024336e+00,3.059892954796894049e+00,2.996555976716828606e+00
1.656285427135678250e+15,2.452725627437607248e+00,1.107004465000002114e+01,2.753239143473082073e+00,3.053638378565500133e+00,2.995119296321693714e+00
1.663668341708542750e+15,2.451866539921454979e+00,1.106004470000002016e+01,2.726683932178407321e+00,3.047411989322513115e+00,2.993649484610803935e+00
1.671051256281407000e+15,2.450982356029604681e+00,1.105004475000001918e+01,2.700747082859877857e+00,3.041171364092137619e+00,2.992141504989859424e+00
1.678434170854271250e+15,2.450073306722329036e+00,1.104004480000001820e+01,2.675657591618092468e+00,3.034915288535018352e+00,2.990590828779230659e+00
1.685817085427135500e+15,2.449151945389820728e+00,1.103004485000001722e+01,2.651320121547033448e+00,3.028689428022226071e+00,2.989014621808217864e+00
1.693200000000000000e+15,2.448208410000704216e+00,1.102004490000001624e+01,2.627691749241409358e+00,3.022453695918720040e+00,2.987405188740787310e+00
